<?xml version="1.0" encoding="UTF-8"?>
<beans xmlns="http://www.springframework.org/schema/beans"
	xmlns:context="http://www.springframework.org/schema/context"
	xmlns:xsi="http://www.w3.org/2001/XMLSchema-instance"
	xmlns:mvc="http://www.springframework.org/schema/mvc"
	xmlns:tx="http://www.springframework.org/schema/tx"
	xsi:schemaLocation="
        http://www.springframework.org/schema/beans    
        http://www.springframework.org/schema/beans/spring-beans-2.5.xsd
        http://www.springframework.org/schema/context
        http://www.springframework.org/schema/context/spring-context.xsd
        http://www.springframework.org/schema/mvc
        http://www.springframework.org/schema/mvc/spring-mvc.xsd
        http://www.springframework.org/schema/tx
        http://www.springframework.org/schema/tx/spring-tx-3.0.xsd"
	default-init-method="startUp" default-destroy-method="myDestroy">



	<!-- <property name="type" value="Rightangle"/> -->
	<!-- <constructor-arg value="Equilateral"/> -->
	<!-- <property name="type" value="Rightangle"/> <property name="height" 
		value="25"/> -->

	<!-- <constructor-arg value="Scalane"/> <constructor-arg value="50"/> -->
	<!-- example for type method to remove ambiguity -->

	<!-- example for index method to remove ambiguity <constructor-arg value="50" 
		index="1"/> <constructor-arg value="scalane" index="0"/> -->

	<!-- <bean id="triangle" class="com.cg.Triangle"/> -->

	<!-- <property name="pointA" ref="zeroPoint"/> <property name="pointB" ref="point2"/> 
		<property name="pointC" ref="point3"/> -->
	<!-- <property name="points"/> -->
	<!-- for representing list -->
	<!-- <list> <ref bean="zeroPoint" /> <ref bean="point2" /> <ref bean="point3" 
		/> <ref bean="center"/> </list> -->


	<!-- <bean id="zeroPoint" class="com.cg.Point"> <property name="x" value="0" 
		/> <property name="y" value="0" /> </bean> <bean id="point2" class="com.cg.Point"> 
		<property name="x" value="20" /> <property name="y" value="0" /> </bean> 
		<bean id="center" class="com.cg.Point"> <property name="x" value="-20" /> 
		<property name="y" value="0" /> </bean> -->
	<!-- <bean id="circle" class="com.cg.Circle"> <property name="center" ref="point3" 
		/> </bean> -->
	<!-- <bean id="circle" class="com.cg.Circle" autowire="byName" init-method="startUp" 
		/> <bean class="com.cg.DisplayNameBeanPostProcessor"/> <bean class="com.cg.MyBeanFactoryPP"/> 
		<bean class="org.springframework.beans.factory.config.PropertyPlaceholderConfigurer" 
		/> <Property name="location" value="pointConfig.propertires"/> -->

	<bean id="employee" class="com.cg.Employee">
		<property name="dob" value="getDate()" />
	</bean>

	<bean id="customEditorConfigurer"
		class="org.springframework.beans.factory.config.CustomEditorConfigurer">
		<property name="customEditors">

			<map>

				<entry key="java.sql.Date" value="com.cg.SqlDateEditor"></entry>

			</map>


		</property>
	</bean>
</beans>